{"tremor_rms": 23.81415469075742, "reversal_rate": 0.6017748197448697, "gap_ratio": 0.0005546311702717693, "combined_tremor": 18.80263590929638, "sectors_covered": 10, "aspect": 3.878048733194528, "r_variation": 2.2179266206056183}