{"bad": {"tremor_rms": 10.213361075306802, "reversal_rate": 0.5987712665406427, "gap_ratio": 0.0, "combined_tremor": 10.618801144238901, "sectors_covered": 12, "aspect": 1.0352941054671283, "r_variation": 1.497331183250969}, "good": {"tremor_rms": 9.861912187136012, "reversal_rate": 0.5832167832167832, "gap_ratio": 0.0, "combined_tremor": 10.29127318640748, "sectors_covered": 12, "aspect": 1.0487804750148724, "r_variation": 1.3526320029824523}}